DATUM VON;DATUM BIS;PRODUKTNAME;LEISTUNGSPREIS [EUR/MW];ARBEITSPREIS [EUR/MWh];AP_ZAHLUNGSRICHTUNG;ANGEBOTENE_LEISTUNG [MW];BEZUSCHLAGTE_LEISTUNG [MW];ANGEBOTE_AUS_AT
30.04.2018;06.05.2018;NEG_HT;0;198;Netz an Anbieter;5;5;;
30.04.2018;06.05.2018;NEG_HT;0;380;Netz an Anbieter;5;5;;
30.04.2018;06.05.2018;NEG_NT;0;175;Netz an Anbieter;5;5;;
30.04.2018;06.05.2018;NEG_NT;0;495;Netz an Anbieter;5;5;;
30.04.2018;06.05.2018;NEG_NT;0;9945;Netz an Anbieter;5;5;;
30.04.2018;06.05.2018;NEG_HT;0;211,25;Netz an Anbieter;5;5;;
30.04.2018;06.05.2018;NEG_HT;0;350;Netz an Anbieter;5;5;;
30.04.2018;06.05.2018;NEG_HT;0;300;Netz an Anbieter;20;20;;
30.04.2018;06.05.2018;NEG_HT;0;277,778;Netz an Anbieter;20;20;;
30.04.2018;06.05.2018;NEG_HT;0;255,556;Netz an Anbieter;20;20;;
30.04.2018;06.05.2018;NEG_HT;0;233,333;Netz an Anbieter;20;20;;
30.04.2018;06.05.2018;NEG_HT;0;211,111;Netz an Anbieter;20;20;;
30.04.2018;06.05.2018;NEG_HT;0;188,889;Netz an Anbieter;20;20;;
30.04.2018;06.05.2018;NEG_HT;0;166,667;Netz an Anbieter;20;20;;
30.04.2018;06.05.2018;NEG_HT;0;144,444;Netz an Anbieter;20;20;;
30.04.2018;06.05.2018;NEG_HT;0;122,222;Netz an Anbieter;20;20;;
30.04.2018;06.05.2018;NEG_HT;0;100;Netz an Anbieter;20;20;;
30.04.2018;06.05.2018;NEG_HT;0;75;Netz an Anbieter;20;20;;
30.04.2018;06.05.2018;NEG_HT;0;71,25;Netz an Anbieter;20;20;;
30.04.2018;06.05.2018;NEG_HT;0;67,5;Netz an Anbieter;20;20;;
30.04.2018;06.05.2018;NEG_HT;0;63,75;Netz an Anbieter;20;20;;
30.04.2018;06.05.2018;NEG_HT;0;60;Netz an Anbieter;20;20;;
30.04.2018;06.05.2018;NEG_HT;0;19;Netz an Anbieter;20;20;;
30.04.2018;06.05.2018;NEG_HT;0;749;Netz an Anbieter;28;28;;
30.04.2018;06.05.2018;NEG_HT;0;2,41;Anbieter an Netz;10;10;;
30.04.2018;06.05.2018;NEG_HT;0;1,43;Anbieter an Netz;10;10;;
30.04.2018;06.05.2018;NEG_HT;0;0,25;Anbieter an Netz;10;10;;
30.04.2018;06.05.2018;NEG_HT;0;1,16;Netz an Anbieter;10;10;;
30.04.2018;06.05.2018;NEG_HT;0;1,62;Netz an Anbieter;32;32;;
30.04.2018;06.05.2018;NEG_HT;0;4,18;Netz an Anbieter;10;10;;
30.04.2018;06.05.2018;NEG_HT;0;3,63;Netz an Anbieter;10;10;;
30.04.2018;06.05.2018;NEG_HT;0;6,39;Netz an Anbieter;10;10;;
30.04.2018;06.05.2018;NEG_HT;0;7,84;Netz an Anbieter;10;10;;
30.04.2018;06.05.2018;NEG_HT;0;9,14;Netz an Anbieter;10;10;;
30.04.2018;06.05.2018;NEG_HT;0;9,81;Netz an Anbieter;10;10;;
30.04.2018;06.05.2018;NEG_NT;0;4,46;Anbieter an Netz;10;10;;
30.04.2018;06.05.2018;NEG_NT;0;43;Netz an Anbieter;5;5;;
30.04.2018;06.05.2018;NEG_NT;0;43;Netz an Anbieter;40;40;;
30.04.2018;06.05.2018;NEG_NT;0;43;Netz an Anbieter;40;40;;
30.04.2018;06.05.2018;NEG_HT;0;28;Netz an Anbieter;40;40;;
30.04.2018;06.05.2018;NEG_HT;0;28;Netz an Anbieter;40;40;;
30.04.2018;06.05.2018;NEG_HT;0;28;Netz an Anbieter;40;40;;
30.04.2018;06.05.2018;NEG_HT;0;28;Netz an Anbieter;40;40;;
30.04.2018;06.05.2018;NEG_HT;0;28;Netz an Anbieter;5;5;;
30.04.2018;06.05.2018;NEG_HT;0;28;Netz an Anbieter;40;40;;
30.04.2018;06.05.2018;NEG_NT;0;198;Netz an Anbieter;5;5;;
30.04.2018;06.05.2018;NEG_HT;0;599;Netz an Anbieter;15;15;;
30.04.2018;06.05.2018;NEG_HT;0;599;Netz an Anbieter;12;12;;
30.04.2018;06.05.2018;NEG_HT;0;599;Netz an Anbieter;5;5;;
30.04.2018;06.05.2018;NEG_HT;0;829;Netz an Anbieter;5;5;;
30.04.2018;06.05.2018;NEG_HT;0;678;Netz an Anbieter;5;5;;
30.04.2018;06.05.2018;NEG_NT;0;948;Netz an Anbieter;5;5;;
30.04.2018;06.05.2018;NEG_HT;0;668;Netz an Anbieter;7;7;;
30.04.2018;06.05.2018;NEG_HT;0;9,8;Netz an Anbieter;8;8;;
30.04.2018;06.05.2018;NEG_HT;0;24;Netz an Anbieter;8;8;;
30.04.2018;06.05.2018;NEG_HT;0;109;Netz an Anbieter;8;8;;
30.04.2018;06.05.2018;NEG_HT;0;498;Netz an Anbieter;7;7;;
30.04.2018;06.05.2018;NEG_HT;0;500;Netz an Anbieter;6;6;;
30.04.2018;06.05.2018;NEG_HT;0;14,4;Anbieter an Netz;5;5;;
30.04.2018;06.05.2018;NEG_HT;0;3,2;Anbieter an Netz;5;5;;
30.04.2018;06.05.2018;NEG_HT;0;111,11;Netz an Anbieter;5;5;;
30.04.2018;06.05.2018;NEG_HT;0;7,2;Anbieter an Netz;5;5;;
30.04.2018;06.05.2018;NEG_HT;0;13;Netz an Anbieter;6;6;;
30.04.2018;06.05.2018;NEG_HT;0;23;Netz an Anbieter;6;6;;
30.04.2018;06.05.2018;NEG_HT;0;33;Netz an Anbieter;6;6;;
30.04.2018;06.05.2018;NEG_HT;0;43;Netz an Anbieter;6;6;;
30.04.2018;06.05.2018;NEG_HT;0;49;Netz an Anbieter;6;6;;
30.04.2018;06.05.2018;NEG_NT;0;6,2;Anbieter an Netz;5;5;;
30.04.2018;06.05.2018;NEG_NT;0;1,1;Anbieter an Netz;5;5;;
30.04.2018;06.05.2018;NEG_NT;0;111,11;Netz an Anbieter;5;5;;
30.04.2018;06.05.2018;NEG_HT;0;314;Netz an Anbieter;9;9;;
30.04.2018;06.05.2018;NEG_HT;0;1766,83;Netz an Anbieter;5;5;;
30.04.2018;06.05.2018;NEG_HT;0;1766,83;Netz an Anbieter;5;5;;
30.04.2018;06.05.2018;NEG_HT;0;1766,83;Netz an Anbieter;5;5;;
30.04.2018;06.05.2018;NEG_HT;0;1766,83;Netz an Anbieter;6;5;;
30.04.2018;06.05.2018;NEG_HT;0;620;Netz an Anbieter;15;15;;
30.04.2018;06.05.2018;NEG_HT;0;679;Netz an Anbieter;5;5;;
30.04.2018;06.05.2018;NEG_NT;0;982;Netz an Anbieter;20;20;;
30.04.2018;06.05.2018;NEG_HT;0;2130;Netz an Anbieter;9;5;;
30.04.2018;06.05.2018;NEG_HT;0;755;Netz an Anbieter;8;8;;
30.04.2018;06.05.2018;NEG_HT;0;678;Netz an Anbieter;8;8;;
30.04.2018;06.05.2018;NEG_NT;0;948;Netz an Anbieter;8;8;;
30.04.2018;06.05.2018;NEG_HT;0;749;Netz an Anbieter;7;7;;
30.04.2018;06.05.2018;NEG_HT;0;449,75;Netz an Anbieter;5;5;;
30.04.2018;06.05.2018;NEG_NT;0;354,75;Netz an Anbieter;5;5;;
30.04.2018;06.05.2018;NEG_HT;0;670;Netz an Anbieter;21;21;;
30.04.2018;06.05.2018;NEG_HT;0;829;Netz an Anbieter;155;155;;
30.04.2018;06.05.2018;NEG_HT;0;599;Netz an Anbieter;20;20;;
30.04.2018;06.05.2018;NEG_HT;0;599;Netz an Anbieter;15;15;;
30.04.2018;06.05.2018;NEG_HT;0;799;Netz an Anbieter;15;15;;
30.04.2018;06.05.2018;NEG_HT;0;799;Netz an Anbieter;15;15;;
30.04.2018;06.05.2018;NEG_HT;0;799;Netz an Anbieter;15;15;;
30.04.2018;06.05.2018;NEG_HT;0;799;Netz an Anbieter;15;15;;
30.04.2018;06.05.2018;NEG_HT;0;799;Netz an Anbieter;15;15;;
30.04.2018;06.05.2018;NEG_HT;0;799;Netz an Anbieter;8;8;;
30.04.2018;06.05.2018;NEG_HT;0;799;Netz an Anbieter;9;9;;
30.04.2018;06.05.2018;NEG_HT;0;599;Netz an Anbieter;14;14;;
30.04.2018;06.05.2018;NEG_HT;0;599;Netz an Anbieter;10;10;;
30.04.2018;06.05.2018;NEG_HT;0;799;Netz an Anbieter;10;10;;
30.04.2018;06.05.2018;NEG_HT;0;799;Netz an Anbieter;5;5;;
30.04.2018;06.05.2018;NEG_HT;0;667;Netz an Anbieter;8;8;;
30.04.2018;06.05.2018;NEG_HT;0;850;Netz an Anbieter;30;30;;
30.04.2018;06.05.2018;NEG_HT;0;600;Netz an Anbieter;5;5;;
30.04.2018;06.05.2018;NEG_HT;0;5,89;Anbieter an Netz;52;52;;
30.04.2018;06.05.2018;NEG_HT;0;6,79;Anbieter an Netz;53;53;;
30.04.2018;06.05.2018;NEG_HT;0;7,09;Anbieter an Netz;50;50;;
30.04.2018;06.05.2018;NEG_NT;0;850;Netz an Anbieter;17;17;;
30.04.2018;06.05.2018;NEG_NT;0;600;Netz an Anbieter;5;5;;
30.04.2018;06.05.2018;NEG_HT;0;829;Netz an Anbieter;40;40;;
30.04.2018;06.05.2018;NEG_HT;0;180;Netz an Anbieter;10;10;;
30.04.2018;06.05.2018;NEG_HT;0;323,33;Netz an Anbieter;5;5;;
30.04.2018;06.05.2018;NEG_HT;0;541;Netz an Anbieter;5;5;;
30.04.2018;06.05.2018;NEG_HT;0;666;Netz an Anbieter;5;5;;
30.04.2018;06.05.2018;NEG_HT;0;666;Netz an Anbieter;5;5;;
30.04.2018;06.05.2018;NEG_HT;0;16,11;Anbieter an Netz;5;5;;
30.04.2018;06.05.2018;NEG_HT;0;830;Netz an Anbieter;17;17;;
30.04.2018;06.05.2018;NEG_HT;0;235;Netz an Anbieter;5;5;;
30.04.2018;06.05.2018;NEG_HT;0;235;Netz an Anbieter;5;5;;
30.04.2018;06.05.2018;NEG_HT;0;620;Netz an Anbieter;12;12;;
30.04.2018;06.05.2018;NEG_NT;0;982;Netz an Anbieter;10;10;;
30.04.2018;06.05.2018;NEG_HT;0;73;Netz an Anbieter;10;10;;
30.04.2018;06.05.2018;NEG_HT;0;84;Netz an Anbieter;13;13;;
30.04.2018;06.05.2018;NEG_NT;0;85;Netz an Anbieter;10;10;;
30.04.2018;06.05.2018;NEG_NT;0;111;Netz an Anbieter;13;13;;
30.04.2018;06.05.2018;NEG_HT;0;599;Netz an Anbieter;10;10;;
30.04.2018;06.05.2018;NEG_HT;0;599;Netz an Anbieter;11;11;;
30.04.2018;06.05.2018;NEG_HT;0;599;Netz an Anbieter;10;10;;
30.04.2018;06.05.2018;NEG_HT;0;599;Netz an Anbieter;10;10;;
30.04.2018;06.05.2018;NEG_HT;0;599;Netz an Anbieter;8;8;;
30.04.2018;06.05.2018;NEG_HT;0;15;Anbieter an Netz;46;46;;
30.04.2018;06.05.2018;NEG_HT;0;6,5;Anbieter an Netz;10;10;;
30.04.2018;06.05.2018;NEG_HT;0;6,667;Anbieter an Netz;10;10;;
30.04.2018;06.05.2018;NEG_HT;0;6,833;Anbieter an Netz;10;10;;
30.04.2018;06.05.2018;NEG_HT;0;7;Anbieter an Netz;10;10;;
30.04.2018;06.05.2018;NEG_HT;0;829;Netz an Anbieter;54;54;;
30.04.2018;06.05.2018;NEG_HT;0;379;Netz an Anbieter;8;8;;
30.04.2018;06.05.2018;NEG_HT;0;149;Netz an Anbieter;6;6;;
30.04.2018;06.05.2018;NEG_HT;0;600;Netz an Anbieter;5;5;;
30.04.2018;06.05.2018;NEG_NT;0;848;Netz an Anbieter;5;5;;
30.04.2018;06.05.2018;NEG_NT;0;5200;Netz an Anbieter;5;5;;
30.04.2018;06.05.2018;NEG_HT;0;354;Netz an Anbieter;7;7;;
30.04.2018;06.05.2018;NEG_HT;0;752;Netz an Anbieter;5;5;;
30.04.2018;06.05.2018;NEG_NT;0;6,2;Anbieter an Netz;5;5;X;
30.04.2018;06.05.2018;NEG_NT;0;6,1;Anbieter an Netz;5;5;X;
30.04.2018;06.05.2018;NEG_NT;0;6;Anbieter an Netz;5;5;X;
30.04.2018;06.05.2018;NEG_NT;0;49;Netz an Anbieter;5;5;X;
30.04.2018;06.05.2018;NEG_NT;0;49;Netz an Anbieter;5;5;X;
30.04.2018;06.05.2018;NEG_NT;0;49;Netz an Anbieter;5;5;X;
30.04.2018;06.05.2018;NEG_HT;0;49;Netz an Anbieter;5;5;X;
30.04.2018;06.05.2018;NEG_HT;0;49;Netz an Anbieter;5;5;X;
30.04.2018;06.05.2018;NEG_HT;0;49;Netz an Anbieter;5;5;X;
30.04.2018;06.05.2018;NEG_HT;0;49;Netz an Anbieter;5;5;X;
30.04.2018;06.05.2018;NEG_HT;0;49;Netz an Anbieter;5;5;X;
30.04.2018;06.05.2018;NEG_HT;0;49;Netz an Anbieter;5;5;X;
30.04.2018;06.05.2018;NEG_NT;0;39;Netz an Anbieter;5;5;X;
30.04.2018;06.05.2018;NEG_NT;0;55;Netz an Anbieter;5;5;X;
30.04.2018;06.05.2018;NEG_NT;0;70;Netz an Anbieter;5;5;X;
30.04.2018;06.05.2018;NEG_NT;0;78;Netz an Anbieter;5;5;X;
30.04.2018;06.05.2018;NEG_HT;0;35;Netz an Anbieter;5;5;X;
30.04.2018;06.05.2018;NEG_HT;0;44;Netz an Anbieter;5;5;X;
30.04.2018;06.05.2018;NEG_HT;0;54;Netz an Anbieter;5;5;X;
30.04.2018;06.05.2018;NEG_NT;0;53;Netz an Anbieter;9;9;X;
30.04.2018;06.05.2018;NEG_NT;0;84;Netz an Anbieter;5;5;X;
30.04.2018;06.05.2018;NEG_NT;0;170;Netz an Anbieter;5;5;X;
30.04.2018;06.05.2018;NEG_NT;0;170,5;Netz an Anbieter;5;5;X;
30.04.2018;06.05.2018;NEG_NT;0;171;Netz an Anbieter;5;5;X;
30.04.2018;06.05.2018;NEG_HT;0;17,4;Anbieter an Netz;5;5;X;
30.04.2018;06.05.2018;NEG_HT;0;54;Netz an Anbieter;5;5;X;
30.04.2018;06.05.2018;NEG_HT;0;54,5;Netz an Anbieter;9;9;X;
30.04.2018;06.05.2018;NEG_HT;0;55;Netz an Anbieter;5;5;X;
30.04.2018;06.05.2018;NEG_NT;0;7,21;Anbieter an Netz;5;5;X;
30.04.2018;06.05.2018;NEG_NT;0;7,1;Anbieter an Netz;5;5;X;
30.04.2018;06.05.2018;NEG_NT;0;3;Netz an Anbieter;5;5;X;
30.04.2018;06.05.2018;NEG_NT;0;4;Netz an Anbieter;5;5;X;
30.04.2018;06.05.2018;NEG_NT;0;34;Netz an Anbieter;5;5;X;
30.04.2018;06.05.2018;NEG_NT;0;144;Netz an Anbieter;5;5;X;
30.04.2018;06.05.2018;NEG_HT;0;17,32;Anbieter an Netz;5;5;X;
30.04.2018;06.05.2018;NEG_HT;0;17,23;Anbieter an Netz;5;5;X;
30.04.2018;06.05.2018;NEG_HT;0;16,87;Anbieter an Netz;10;10;X;
30.04.2018;06.05.2018;NEG_HT;0;23;Netz an Anbieter;10;10;X;
30.04.2018;06.05.2018;NEG_HT;0;11;Netz an Anbieter;5;5;X;
30.04.2018;06.05.2018;NEG_HT;0;16,89;Netz an Anbieter;10;10;X;
30.04.2018;06.05.2018;NEG_HT;0;22,78;Netz an Anbieter;5;5;X;
30.04.2018;06.05.2018;NEG_HT;0;24,56;Netz an Anbieter;5;5;X;
30.04.2018;06.05.2018;NEG_HT;0;28,67;Netz an Anbieter;5;5;X;
30.04.2018;06.05.2018;NEG_HT;0;40,44;Netz an Anbieter;5;5;X;
30.04.2018;06.05.2018;NEG_HT;0;46,33;Netz an Anbieter;5;5;X;
30.04.2018;06.05.2018;NEG_NT;0;6,3;Anbieter an Netz;5;5;X;
30.04.2018;06.05.2018;NEG_NT;0;128;Netz an Anbieter;5;5;X;
30.04.2018;06.05.2018;NEG_HT;0;4,1;Anbieter an Netz;10;10;X;
30.04.2018;06.05.2018;NEG_HT;0;2;Netz an Anbieter;10;10;X;
30.04.2018;06.05.2018;NEG_HT;0;6,3;Netz an Anbieter;10;10;X;
30.04.2018;06.05.2018;NEG_HT;0;45,2;Netz an Anbieter;10;10;X;
30.04.2018;06.05.2018;NEG_HT;0;45,3;Netz an Anbieter;10;10;X;
30.04.2018;06.05.2018;NEG_HT;0;45,8;Netz an Anbieter;10;10;X;
30.04.2018;06.05.2018;NEG_NT;0;2;Netz an Anbieter;10;10;X;
30.04.2018;06.05.2018;NEG_NT;0;27;Netz an Anbieter;10;10;X;
30.04.2018;06.05.2018;NEG_NT;0;49,15;Netz an Anbieter;10;10;X;
30.04.2018;06.05.2018;NEG_NT;0;49,22;Netz an Anbieter;10;10;X;
30.04.2018;06.05.2018;NEG_NT;0;49,6;Netz an Anbieter;10;10;X;
30.04.2018;06.05.2018;NEG_HT;0;58,97;Netz an Anbieter;5;5;X;
30.04.2018;06.05.2018;NEG_NT;0;47,98;Netz an Anbieter;5;5;X;
30.04.2018;06.05.2018;NEG_NT;0;104;Netz an Anbieter;5;5;X;
30.04.2018;06.05.2018;NEG_NT;0;166;Netz an Anbieter;5;5;X;
30.04.2018;06.05.2018;NEG_NT;0;13,6;Netz an Anbieter;10;10;X;
30.04.2018;06.05.2018;NEG_NT;0;173;Netz an Anbieter;10;5;X;
30.04.2018;06.05.2018;NEG_NT;0;138;Netz an Anbieter;10;6;X;
30.04.2018;06.05.2018;NEG_NT;0;26;Netz an Anbieter;10;10;X;
30.04.2018;06.05.2018;NEG_NT;0;48;Netz an Anbieter;10;10;X;
30.04.2018;06.05.2018;NEG_NT;0;72;Netz an Anbieter;10;10;X;
30.04.2018;06.05.2018;NEG_HT;0;6,35;Netz an Anbieter;10;10;X;
30.04.2018;06.05.2018;NEG_HT;0;16;Netz an Anbieter;10;10;X;
30.04.2018;06.05.2018;NEG_HT;0;43;Netz an Anbieter;10;10;X;
30.04.2018;06.05.2018;NEG_HT;0;56;Netz an Anbieter;10;6;X;
30.04.2018;06.05.2018;NEG_HT;0;32;Netz an Anbieter;10;10;X;
30.04.2018;06.05.2018;NEG_NT;0;94;Netz an Anbieter;5;5;X;
30.04.2018;06.05.2018;NEG_NT;0;124;Netz an Anbieter;5;5;X;
30.04.2018;06.05.2018;NEG_NT;0;149;Netz an Anbieter;5;5;X;
30.04.2018;06.05.2018;NEG_NT;0,5;31,52;Netz an Anbieter;10;10;;
30.04.2018;06.05.2018;NEG_NT;1;23,72;Netz an Anbieter;10;10;;
30.04.2018;06.05.2018;NEG_NT;1,05;1,1;Anbieter an Netz;42;42;;
30.04.2018;06.05.2018;NEG_NT;1,5;20,04;Netz an Anbieter;10;10;;
30.04.2018;06.05.2018;NEG_NT;2;48,2;Netz an Anbieter;10;10;;
30.04.2018;06.05.2018;NEG_NT;2,5;2,75;Netz an Anbieter;10;10;;
30.04.2018;06.05.2018;NEG_NT;2,92;500;Netz an Anbieter;6;6;;
30.04.2018;06.05.2018;NEG_NT;3;8,88;Netz an Anbieter;10;10;;
30.04.2018;06.05.2018;NEG_NT;3;135;Netz an Anbieter;40;40;;
30.04.2018;06.05.2018;NEG_NT;3,07;180;Netz an Anbieter;10;10;;
30.04.2018;06.05.2018;NEG_NT;3,2;298;Netz an Anbieter;9;9;;
30.04.2018;06.05.2018;NEG_NT;3,3;351;Netz an Anbieter;7;7;;
30.04.2018;06.05.2018;NEG_NT;3,5;42,5;Netz an Anbieter;10;10;;
30.04.2018;06.05.2018;NEG_NT;3,52;284;Netz an Anbieter;9;9;;
30.04.2018;06.05.2018;NEG_NT;3,97;1,13;Anbieter an Netz;40;40;;
30.04.2018;06.05.2018;NEG_NT;4;15,52;Netz an Anbieter;10;10;;
30.04.2018;06.05.2018;NEG_NT;4;135;Netz an Anbieter;40;40;;
30.04.2018;06.05.2018;NEG_NT;4,1;798;Netz an Anbieter;5;5;;
30.04.2018;06.05.2018;NEG_NT;4,5;37,25;Netz an Anbieter;10;10;;
30.04.2018;06.05.2018;NEG_NT;4,75;398,75;Netz an Anbieter;5;5;;
30.04.2018;06.05.2018;NEG_NT;4,9;1900;Netz an Anbieter;28;28;;
30.04.2018;06.05.2018;NEG_NT;4,9;1900;Netz an Anbieter;7;7;;
30.04.2018;06.05.2018;NEG_NT;5;52,57;Netz an Anbieter;12;12;;
30.04.2018;06.05.2018;NEG_NT;5;135,17;Netz an Anbieter;5;5;;
30.04.2018;06.05.2018;NEG_NT;5,44;1,16;Anbieter an Netz;41;41;;
30.04.2018;06.05.2018;NEG_NT;6,2;49;Netz an Anbieter;5;5;;
30.04.2018;06.05.2018;NEG_NT;6,4;19;Netz an Anbieter;5;5;;
30.04.2018;06.05.2018;NEG_NT;6,88;1399;Netz an Anbieter;11;11;;
30.04.2018;06.05.2018;NEG_NT;6,91;1,19;Anbieter an Netz;43;43;;
30.04.2018;06.05.2018;NEG_NT;6,92;1399;Netz an Anbieter;14;14;;
30.04.2018;06.05.2018;NEG_NT;6,96;1399;Netz an Anbieter;5;5;;
30.04.2018;06.05.2018;NEG_NT;7,01;1399;Netz an Anbieter;10;10;;
30.04.2018;06.05.2018;NEG_NT;7,06;1399;Netz an Anbieter;15;15;;
30.04.2018;06.05.2018;NEG_NT;7,11;1399;Netz an Anbieter;10;10;;
30.04.2018;06.05.2018;NEG_NT;7,16;1399;Netz an Anbieter;14;14;;
30.04.2018;06.05.2018;NEG_NT;7,23;5997;Netz an Anbieter;10;10;;
30.04.2018;06.05.2018;NEG_NT;7,33;102,15;Netz an Anbieter;5;5;;
30.04.2018;06.05.2018;NEG_NT;7,35;5997;Netz an Anbieter;10;10;;
30.04.2018;06.05.2018;NEG_NT;7,47;5997;Netz an Anbieter;10;10;;
30.04.2018;06.05.2018;NEG_NT;7,59;5997;Netz an Anbieter;10;10;;
30.04.2018;06.05.2018;NEG_NT;7,71;5997;Netz an Anbieter;10;10;;
30.04.2018;06.05.2018;NEG_NT;7,75;491,75;Netz an Anbieter;5;5;;
30.04.2018;06.05.2018;NEG_NT;7,83;5997;Netz an Anbieter;10;10;;
30.04.2018;06.05.2018;NEG_NT;7,95;5997;Netz an Anbieter;10;10;;
30.04.2018;06.05.2018;NEG_NT;8,07;5997;Netz an Anbieter;10;10;;
30.04.2018;06.05.2018;NEG_NT;8,19;5997;Netz an Anbieter;10;10;;
30.04.2018;06.05.2018;NEG_NT;8,31;5997;Netz an Anbieter;10;10;;
30.04.2018;06.05.2018;NEG_NT;8,38;1,22;Anbieter an Netz;41;41;;
30.04.2018;06.05.2018;NEG_NT;8,4;21;Netz an Anbieter;5;5;;
30.04.2018;06.05.2018;NEG_NT;8,43;5997;Netz an Anbieter;9;9;;
30.04.2018;06.05.2018;NEG_NT;8,55;5997;Netz an Anbieter;5;5;;
30.04.2018;06.05.2018;NEG_NT;8,67;5997;Netz an Anbieter;5;5;;
30.04.2018;06.05.2018;NEG_NT;8,79;5997;Netz an Anbieter;5;5;;
30.04.2018;06.05.2018;NEG_NT;8,82;151,25;Netz an Anbieter;5;5;;
30.04.2018;06.05.2018;NEG_NT;9,4;23;Netz an Anbieter;6;6;;
30.04.2018;06.05.2018;NEG_NT;9,58;1768,07;Netz an Anbieter;5;5;;
30.04.2018;06.05.2018;NEG_NT;9,67;89,29;Netz an Anbieter;5;5;;
30.04.2018;06.05.2018;NEG_NT;9,67;5997;Netz an Anbieter;15;15;;
30.04.2018;06.05.2018;NEG_NT;9,73;9999;Netz an Anbieter;15;15;;
30.04.2018;06.05.2018;NEG_NT;9,75;519,75;Netz an Anbieter;5;5;;
30.04.2018;06.05.2018;NEG_NT;9,75;235;Netz an Anbieter;5;5;;
30.04.2018;06.05.2018;NEG_NT;9,75;235;Netz an Anbieter;5;5;;
30.04.2018;06.05.2018;NEG_NT;9,79;5997;Netz an Anbieter;13;13;;
30.04.2018;06.05.2018;NEG_NT;9,85;1,25;Anbieter an Netz;42;42;;
30.04.2018;06.05.2018;NEG_NT;9,91;5997;Netz an Anbieter;5;5;;
30.04.2018;06.05.2018;NEG_NT;9,99;5997;Netz an Anbieter;5;5;;
30.04.2018;06.05.2018;NEG_NT;10;645;Netz an Anbieter;40;40;;
30.04.2018;06.05.2018;NEG_NT;10,4;35;Netz an Anbieter;6;6;;
30.04.2018;06.05.2018;NEG_NT;10,8;57,667;Netz an Anbieter;5;5;;
30.04.2018;06.05.2018;NEG_NT;10,93;29;Netz an Anbieter;5;5;;
30.04.2018;06.05.2018;NEG_NT;11,1;12,9;Netz an Anbieter;8;8;;
30.04.2018;06.05.2018;NEG_NT;11,4;27;Netz an Anbieter;6;6;;
30.04.2018;06.05.2018;NEG_NT;11,75;350;Netz an Anbieter;5;5;;
30.04.2018;06.05.2018;NEG_NT;12;69,56;Netz an Anbieter;5;5;;
30.04.2018;06.05.2018;NEG_NT;12,19;1768,07;Netz an Anbieter;5;5;;
30.04.2018;06.05.2018;NEG_NT;12,4;29;Netz an Anbieter;6;6;;
30.04.2018;06.05.2018;NEG_NT;13,1;72;Netz an Anbieter;8;8;;
30.04.2018;06.05.2018;NEG_NT;13,4;31;Netz an Anbieter;6;6;;
30.04.2018;06.05.2018;NEG_NT;14,4;41;Netz an Anbieter;6;6;;
30.04.2018;06.05.2018;NEG_NT;14,67;3750;Netz an Anbieter;5;5;;
30.04.2018;06.05.2018;NEG_NT;14,8;1768,07;Netz an Anbieter;9;9;;
30.04.2018;06.05.2018;NEG_NT;15,1;197;Netz an Anbieter;8;8;;
30.04.2018;06.05.2018;NEG_NT;15,4;66,333;Netz an Anbieter;5;5;;
30.04.2018;06.05.2018;NEG_NT;15,4;44;Netz an Anbieter;6;6;;
30.04.2018;06.05.2018;NEG_NT;15,47;39;Netz an Anbieter;5;5;;
30.04.2018;06.05.2018;NEG_NT;16,4;47;Netz an Anbieter;6;6;;
30.04.2018;06.05.2018;NEG_NT;17;645;Netz an Anbieter;40;40;;
30.04.2018;06.05.2018;NEG_NT;17,1;477;Netz an Anbieter;7;7;;
30.04.2018;06.05.2018;NEG_NT;17,4;84;Netz an Anbieter;6;6;;
30.04.2018;06.05.2018;NEG_NT;17,6;9950;Netz an Anbieter;7;7;;
30.04.2018;06.05.2018;NEG_NT;17,8;49;Netz an Anbieter;10;10;;
30.04.2018;06.05.2018;NEG_NT;17,99;5499;Netz an Anbieter;7;7;;
30.04.2018;06.05.2018;NEG_NT;17,99;5499;Netz an Anbieter;5;5;;
30.04.2018;06.05.2018;NEG_NT;17,99;5499;Netz an Anbieter;5;5;;
30.04.2018;06.05.2018;NEG_NT;18;990;Netz an Anbieter;5;5;;
30.04.2018;06.05.2018;NEG_NT;18;950;Netz an Anbieter;21;21;;
30.04.2018;06.05.2018;NEG_NT;18;990;Netz an Anbieter;143;143;;
30.04.2018;06.05.2018;NEG_NT;18;990;Netz an Anbieter;38;38;;
30.04.2018;06.05.2018;NEG_NT;18;990;Netz an Anbieter;51;51;;
30.04.2018;06.05.2018;NEG_NT;18;379;Netz an Anbieter;8;8;;
30.04.2018;06.05.2018;NEG_NT;18;134;Netz an Anbieter;6;6;;
30.04.2018;06.05.2018;NEG_NT;18,4;88;Netz an Anbieter;6;6;;
30.04.2018;06.05.2018;NEG_NT;18,4;94;Netz an Anbieter;6;6;;
30.04.2018;06.05.2018;NEG_NT;18,4;97;Netz an Anbieter;6;6;;
30.04.2018;06.05.2018;NEG_NT;18,47;57,667;Netz an Anbieter;10;10;;
30.04.2018;06.05.2018;NEG_NT;18,9;598;Netz an Anbieter;7;7;;
30.04.2018;06.05.2018;NEG_NT;18,9;597;Netz an Anbieter;8;8;;
30.04.2018;06.05.2018;NEG_NT;19,2;48;Netz an Anbieter;5;5;;
30.04.2018;06.05.2018;NEG_NT;19,33;66,333;Netz an Anbieter;10;10;;
30.04.2018;06.05.2018;NEG_NT;20;75;Netz an Anbieter;10;10;;
30.04.2018;06.05.2018;NEG_NT;20;75;Netz an Anbieter;5;5;;
30.04.2018;06.05.2018;NEG_NT;20;49;Netz an Anbieter;5;5;;
30.04.2018;06.05.2018;NEG_NT;20;5350;Netz an Anbieter;9;9;;
30.04.2018;06.05.2018;NEG_NT;23;645;Netz an Anbieter;40;40;;
30.04.2018;06.05.2018;NEG_NT;24,49;578;Netz an Anbieter;5;5;;
30.04.2018;06.05.2018;NEG_NT;24,49;578;Netz an Anbieter;5;5;;
30.04.2018;06.05.2018;NEG_NT;25;3230;Netz an Anbieter;8;8;;
30.04.2018;06.05.2018;NEG_NT;25;1100;Netz an Anbieter;18;18;;
30.04.2018;06.05.2018;NEG_NT;29;645;Netz an Anbieter;40;40;;
30.04.2018;06.05.2018;POS_HT;31,68;219;Netz an Anbieter;5;5;X;
30.04.2018;06.05.2018;NEG_NT;35;1700;Netz an Anbieter;5;5;;
30.04.2018;06.05.2018;NEG_NT;36;1750;Netz an Anbieter;40;26;;
30.04.2018;06.05.2018;POS_NT;42;1025;Netz an Anbieter;5;5;X;
30.04.2018;06.05.2018;POS_HT;42,24;727;Netz an Anbieter;5;5;X;
30.04.2018;06.05.2018;POS_HT;43,2;130;Netz an Anbieter;10;10;X;
30.04.2018;06.05.2018;POS_HT;45,12;52,9;Netz an Anbieter;10;10;X;
30.04.2018;06.05.2018;POS_HT;45,6;500;Netz an Anbieter;5;5;X;
30.04.2018;06.05.2018;POS_HT;46,56;53,85;Netz an Anbieter;5;5;X;
30.04.2018;06.05.2018;POS_HT;47,52;145;Netz an Anbieter;5;5;X;
30.04.2018;06.05.2018;POS_HT;48;204;Netz an Anbieter;5;5;X;
30.04.2018;06.05.2018;POS_HT;48,48;640;Netz an Anbieter;5;5;X;
30.04.2018;06.05.2018;POS_HT;49,92;421;Netz an Anbieter;5;5;X;
30.04.2018;06.05.2018;POS_NT;50,4;5100;Netz an Anbieter;5;5;X;
30.04.2018;06.05.2018;POS_HT;51,84;390;Netz an Anbieter;5;5;X;
30.04.2018;06.05.2018;POS_HT;52,8;530;Netz an Anbieter;5;5;X;
30.04.2018;06.05.2018;POS_NT;52,8;254;Netz an Anbieter;5;5;X;
30.04.2018;06.05.2018;POS_HT;53,28;53,02;Netz an Anbieter;5;5;X;
30.04.2018;06.05.2018;POS_HT;54,72;799;Netz an Anbieter;5;5;X;
30.04.2018;06.05.2018;POS_HT;54,72;441;Netz an Anbieter;5;5;X;
30.04.2018;06.05.2018;POS_HT;56,64;560;Netz an Anbieter;10;10;X;
30.04.2018;06.05.2018;POS_HT;56,64;178;Netz an Anbieter;10;10;X;
30.04.2018;06.05.2018;POS_NT;57,6;53,7;Netz an Anbieter;5;5;X;
30.04.2018;06.05.2018;POS_HT;58,08;460;Netz an Anbieter;5;5;X;
30.04.2018;06.05.2018;POS_HT;59,52;567;Netz an Anbieter;5;5;X;
30.04.2018;06.05.2018;POS_NT;61,2;214;Netz an Anbieter;5;5;X;
30.04.2018;06.05.2018;POS_HT;61,44;480;Netz an Anbieter;10;10;X;
30.04.2018;06.05.2018;POS_HT;61,44;158;Netz an Anbieter;5;5;X;
30.04.2018;06.05.2018;POS_HT;62,88;5100;Netz an Anbieter;5;5;X;
30.04.2018;06.05.2018;POS_HT;62,88;160;Netz an Anbieter;5;5;X;
30.04.2018;06.05.2018;POS_NT;64,8;53,65;Netz an Anbieter;5;5;X;
30.04.2018;06.05.2018;POS_HT;64,8;53,2;Netz an Anbieter;5;5;X;
30.04.2018;06.05.2018;POS_NT;66;51,15;Netz an Anbieter;5;5;X;
30.04.2018;06.05.2018;POS_HT;66,24;740;Netz an Anbieter;5;5;X;
30.04.2018;06.05.2018;POS_NT;67,2;85;Netz an Anbieter;5;5;X;
30.04.2018;06.05.2018;POS_HT;67,68;212;Netz an Anbieter;5;5;X;
30.04.2018;06.05.2018;POS_NT;68,4;218;Netz an Anbieter;5;5;X;
30.04.2018;06.05.2018;POS_HT;69,12;548;Netz an Anbieter;10;10;X;
30.04.2018;06.05.2018;POS_HT;69,6;835;Netz an Anbieter;5;5;X;
30.04.2018;06.05.2018;POS_NT;69,6;2597;Netz an Anbieter;5;5;X;
30.04.2018;06.05.2018;POS_HT;71,04;292;Netz an Anbieter;5;5;X;
30.04.2018;06.05.2018;POS_NT;72;53,2;Netz an Anbieter;5;5;X;
30.04.2018;06.05.2018;POS_HT;72;499;Netz an Anbieter;5;5;X;
30.04.2018;06.05.2018;POS_HT;74,4;291;Netz an Anbieter;5;5;X;
30.04.2018;06.05.2018;POS_HT;75;47;Netz an Anbieter;5;5;;
30.04.2018;06.05.2018;POS_NT;75,6;177,14;Netz an Anbieter;5;5;X;
30.04.2018;06.05.2018;POS_HT;75,84;338;Netz an Anbieter;5;5;X;
30.04.2018;06.05.2018;POS_HT;77;49,72;Netz an Anbieter;40;40;;
30.04.2018;06.05.2018;POS_HT;77,28;180;Netz an Anbieter;5;5;X;
30.04.2018;06.05.2018;POS_NT;79,2;160,3;Netz an Anbieter;5;5;X;
30.04.2018;06.05.2018;POS_HT;80;49,72;Netz an Anbieter;40;40;;
30.04.2018;06.05.2018;POS_NT;80,4;85,1;Netz an Anbieter;5;5;X;
30.04.2018;06.05.2018;POS_HT;80,64;291;Netz an Anbieter;10;5;X;
30.04.2018;06.05.2018;POS_NT;81,6;339;Netz an Anbieter;5;5;X;
30.04.2018;06.05.2018;POS_HT;82;49,72;Netz an Anbieter;40;40;;
30.04.2018;06.05.2018;POS_NT;82,8;271;Netz an Anbieter;5;5;X;
30.04.2018;06.05.2018;POS_HT;84;49,72;Netz an Anbieter;40;40;;
30.04.2018;06.05.2018;POS_HT;84,8;5285;Netz an Anbieter;7;7;;
30.04.2018;06.05.2018;POS_HT;84,8;5285;Netz an Anbieter;6;6;;
30.04.2018;06.05.2018;POS_HT;85;300;Netz an Anbieter;5;5;;
30.04.2018;06.05.2018;POS_HT;86;53,65;Netz an Anbieter;40;40;;
30.04.2018;06.05.2018;POS_NT;86,4;280;Netz an Anbieter;10;10;X;
30.04.2018;06.05.2018;POS_HT;87,89;52,48;Netz an Anbieter;5;5;;
30.04.2018;06.05.2018;POS_HT;89;53,65;Netz an Anbieter;40;40;;
30.04.2018;06.05.2018;POS_NT;90;134;Netz an Anbieter;5;5;X;
30.04.2018;06.05.2018;POS_HT;91;53,65;Netz an Anbieter;40;40;;
30.04.2018;06.05.2018;POS_HT;92;9999;Netz an Anbieter;5;5;;
30.04.2018;06.05.2018;POS_HT;92;4145;Netz an Anbieter;11;11;;
30.04.2018;06.05.2018;POS_HT;92;5998;Netz an Anbieter;5;5;;
30.04.2018;06.05.2018;POS_HT;92,1;63,3;Netz an Anbieter;5;5;;
30.04.2018;06.05.2018;POS_HT;93;53,65;Netz an Anbieter;40;40;;
30.04.2018;06.05.2018;POS_NT;93,6;274;Netz an Anbieter;5;5;X;
30.04.2018;06.05.2018;POS_NT;93,6;408;Netz an Anbieter;5;5;X;
30.04.2018;06.05.2018;POS_HT;94;5999;Netz an Anbieter;6;6;;
30.04.2018;06.05.2018;POS_HT;94;3922;Netz an Anbieter;5;5;;
30.04.2018;06.05.2018;POS_HT;95;54,93;Netz an Anbieter;10;10;;
30.04.2018;06.05.2018;POS_HT;95;300;Netz an Anbieter;32;32;;
30.04.2018;06.05.2018;POS_HT;95;9989;Netz an Anbieter;7;7;;
30.04.2018;06.05.2018;POS_HT;95;9988;Netz an Anbieter;5;5;;
30.04.2018;06.05.2018;POS_HT;95;9999;Netz an Anbieter;14;14;;
30.04.2018;06.05.2018;POS_HT;95;49;Netz an Anbieter;40;40;;
30.04.2018;06.05.2018;POS_HT;95;3800;Netz an Anbieter;20;20;;
30.04.2018;06.05.2018;POS_HT;95;53;Netz an Anbieter;20;20;;
30.04.2018;06.05.2018;POS_HT;95,24;55,35;Netz an Anbieter;10;10;;
30.04.2018;06.05.2018;POS_HT;95,51;55,7;Netz an Anbieter;10;10;;
30.04.2018;06.05.2018;POS_HT;95,78;9989;Netz an Anbieter;7;7;;
30.04.2018;06.05.2018;POS_HT;95,84;56,17;Netz an Anbieter;10;10;;
30.04.2018;06.05.2018;POS_HT;96;157;Netz an Anbieter;40;40;;
30.04.2018;06.05.2018;POS_HT;96;53;Netz an Anbieter;10;10;;
30.04.2018;06.05.2018;POS_HT;96,03;9950;Netz an Anbieter;5;5;;
30.04.2018;06.05.2018;POS_HT;96,2;56,53;Netz an Anbieter;10;10;;
30.04.2018;06.05.2018;POS_HT;96,36;56,72;Netz an Anbieter;20;20;;
30.04.2018;06.05.2018;POS_HT;96,56;9989;Netz an Anbieter;7;7;;
30.04.2018;06.05.2018;POS_HT;96,64;57,36;Netz an Anbieter;20;20;;
30.04.2018;06.05.2018;POS_HT;96,75;9988;Netz an Anbieter;6;6;;
30.04.2018;06.05.2018;POS_HT;96,91;57,45;Netz an Anbieter;20;20;;
30.04.2018;06.05.2018;POS_HT;97;49,4;Netz an Anbieter;5;5;;
30.04.2018;06.05.2018;POS_HT;97;5999;Netz an Anbieter;12;12;;
30.04.2018;06.05.2018;POS_HT;97;52,8;Netz an Anbieter;5;5;;
30.04.2018;06.05.2018;POS_HT;97;49;Netz an Anbieter;40;40;;
30.04.2018;06.05.2018;POS_HT;97;53,143;Netz an Anbieter;10;10;;
30.04.2018;06.05.2018;POS_HT;97,18;57,79;Netz an Anbieter;20;20;;
30.04.2018;06.05.2018;POS_NT;97,2;320;Netz an Anbieter;5;5;X;
30.04.2018;06.05.2018;POS_HT;97,33;9989;Netz an Anbieter;7;7;;
30.04.2018;06.05.2018;POS_HT;97,33;3826,667;Netz an Anbieter;20;20;;
30.04.2018;06.05.2018;POS_HT;97,45;58,2;Netz an Anbieter;30;30;;
30.04.2018;06.05.2018;POS_HT;97,73;58,8;Netz an Anbieter;30;30;;
30.04.2018;06.05.2018;POS_HT;98;59,03;Netz an Anbieter;30;30;;
30.04.2018;06.05.2018;POS_HT;98;115,97;Netz an Anbieter;30;30;;
30.04.2018;06.05.2018;POS_HT;98;157;Netz an Anbieter;40;40;;
30.04.2018;06.05.2018;POS_HT;98;55,4;Netz an Anbieter;5;5;;
30.04.2018;06.05.2018;POS_HT;98;53,286;Netz an Anbieter;10;10;;
30.04.2018;06.05.2018;POS_HT;98,11;9989;Netz an Anbieter;8;8;;
30.04.2018;06.05.2018;POS_HT;98,5;5099;Netz an Anbieter;6;6;;
30.04.2018;06.05.2018;POS_HT;98,5;9988;Netz an Anbieter;6;6;;
30.04.2018;06.05.2018;POS_HT;98,5;49;Netz an Anbieter;40;40;;
30.04.2018;06.05.2018;POS_HT;98,64;127,88;Netz an Anbieter;30;30;;
30.04.2018;06.05.2018;POS_HT;98,89;9989;Netz an Anbieter;8;8;;
30.04.2018;06.05.2018;POS_HT;98,99;9549;Netz an Anbieter;5;5;;
30.04.2018;06.05.2018;POS_HT;98,99;9999;Netz an Anbieter;5;5;;
30.04.2018;06.05.2018;POS_HT;99;5999;Netz an Anbieter;6;6;;
30.04.2018;06.05.2018;POS_HT;99;62,8;Netz an Anbieter;5;5;;
30.04.2018;06.05.2018;POS_HT;99;398;Netz an Anbieter;29;29;;
30.04.2018;06.05.2018;POS_HT;99;9800;Netz an Anbieter;10;10;;
30.04.2018;06.05.2018;POS_HT;99;6200;Netz an Anbieter;11;11;;
30.04.2018;06.05.2018;POS_HT;99;49;Netz an Anbieter;40;40;;
30.04.2018;06.05.2018;POS_HT;99;53,429;Netz an Anbieter;10;10;;
30.04.2018;06.05.2018;POS_HT;99,27;143,63;Netz an Anbieter;20;20;;
30.04.2018;06.05.2018;POS_HT;99,5;9983;Netz an Anbieter;5;5;;
30.04.2018;06.05.2018;POS_HT;99,5;9980;Netz an Anbieter;5;5;;
30.04.2018;06.05.2018;POS_HT;99,5;9980;Netz an Anbieter;8;8;;
30.04.2018;06.05.2018;POS_HT;99,67;9989;Netz an Anbieter;7;7;;
30.04.2018;06.05.2018;POS_HT;99,67;3853,333;Netz an Anbieter;20;20;;
30.04.2018;06.05.2018;POS_HT;99,91;148,2;Netz an Anbieter;20;20;;
30.04.2018;06.05.2018;POS_HT;100;49;Netz an Anbieter;40;40;;
30.04.2018;06.05.2018;POS_HT;100;53,571;Netz an Anbieter;10;10;;
30.04.2018;06.05.2018;POS_HT;100,25;9988;Netz an Anbieter;5;5;;
30.04.2018;06.05.2018;POS_HT;100,44;9989;Netz an Anbieter;7;7;;
30.04.2018;06.05.2018;POS_HT;100,55;160,32;Netz an Anbieter;20;20;;
30.04.2018;06.05.2018;POS_NT;100,8;110;Netz an Anbieter;5;5;X;
30.04.2018;06.05.2018;POS_HT;101;55,7;Netz an Anbieter;7;7;;
30.04.2018;06.05.2018;POS_HT;101;63,3;Netz an Anbieter;7;7;;
30.04.2018;06.05.2018;POS_HT;101;72,5;Netz an Anbieter;7;7;;
30.04.2018;06.05.2018;POS_HT;101;97,6;Netz an Anbieter;6;6;;
30.04.2018;06.05.2018;POS_HT;101;152,6;Netz an Anbieter;5;5;;
30.04.2018;06.05.2018;POS_HT;101;313,7;Netz an Anbieter;6;6;;
30.04.2018;06.05.2018;POS_HT;101;489,6;Netz an Anbieter;6;6;;
30.04.2018;06.05.2018;POS_HT;101;53,714;Netz an Anbieter;10;10;;
30.04.2018;06.05.2018;POS_HT;101,18;180,49;Netz an Anbieter;20;20;;
30.04.2018;06.05.2018;POS_HT;101,22;9989;Netz an Anbieter;7;7;;
30.04.2018;06.05.2018;POS_HT;101,3;173;Netz an Anbieter;5;5;;
30.04.2018;06.05.2018;POS_HT;101,82;181,67;Netz an Anbieter;10;10;;
30.04.2018;06.05.2018;POS_HT;102;5098;Netz an Anbieter;7;7;;
30.04.2018;06.05.2018;POS_HT;102;9988;Netz an Anbieter;5;5;;
30.04.2018;06.05.2018;POS_HT;102;53,857;Netz an Anbieter;10;10;;
30.04.2018;06.05.2018;POS_HT;102;3880;Netz an Anbieter;20;20;;
30.04.2018;06.05.2018;POS_HT;102,45;199,29;Netz an Anbieter;10;10;;
30.04.2018;06.05.2018;POS_HT;103;9700;Netz an Anbieter;5;5;;
30.04.2018;06.05.2018;POS_HT;103;54;Netz an Anbieter;10;10;;
30.04.2018;06.05.2018;POS_HT;103,09;3975,13;Netz an Anbieter;5;5;;
30.04.2018;06.05.2018;POS_HT;103,73;4732,89;Netz an Anbieter;5;5;;
30.04.2018;06.05.2018;POS_HT;104;54;Netz an Anbieter;20;20;;
30.04.2018;06.05.2018;POS_HT;104,36;6446,5;Netz an Anbieter;5;5;;
30.04.2018;06.05.2018;POS_NT;104,4;91;Netz an Anbieter;10;10;X;
30.04.2018;06.05.2018;POS_HT;105;207,86;Netz an Anbieter;10;10;;
30.04.2018;06.05.2018;POS_HT;105;220,35;Netz an Anbieter;10;10;;
30.04.2018;06.05.2018;POS_HT;105;300;Netz an Anbieter;32;32;;
30.04.2018;06.05.2018;POS_HT;105;5990;Netz an Anbieter;87;87;;
30.04.2018;06.05.2018;POS_HT;105;4150;Netz an Anbieter;9;9;;
30.04.2018;06.05.2018;POS_HT;105;4150;Netz an Anbieter;14;14;;
30.04.2018;06.05.2018;POS_NT;105,6;267;Netz an Anbieter;5;5;X;
30.04.2018;06.05.2018;POS_HT;105,85;58,01;Netz an Anbieter;42;42;;
30.04.2018;06.05.2018;POS_NT;108;273;Netz an Anbieter;5;5;X;
30.04.2018;06.05.2018;POS_HT;110,94;58,05;Netz an Anbieter;43;43;;
30.04.2018;06.05.2018;POS_NT;111,6;141;Netz an Anbieter;5;5;X;
30.04.2018;06.05.2018;POS_NT;114;298;Netz an Anbieter;10;10;X;
30.04.2018;06.05.2018;POS_NT;115,2;138;Netz an Anbieter;5;5;X;
30.04.2018;06.05.2018;POS_NT;118,8;311;Netz an Anbieter;5;5;X;
30.04.2018;06.05.2018;POS_NT;120;300;Netz an Anbieter;5;5;;
30.04.2018;06.05.2018;POS_HT;120,84;58,09;Netz an Anbieter;41;38;;
30.04.2018;06.05.2018;POS_NT;122,4;223;Netz an Anbieter;10;10;X;
30.04.2018;06.05.2018;POS_HT;123;157;Netz an Anbieter;40;5;;
30.04.2018;06.05.2018;POS_NT;125;47;Netz an Anbieter;5;5;;
30.04.2018;06.05.2018;POS_NT;126;112;Netz an Anbieter;5;5;X;
30.04.2018;06.05.2018;POS_NT;128;50,78;Netz an Anbieter;40;40;;
30.04.2018;06.05.2018;POS_NT;129,6;121;Netz an Anbieter;5;5;X;
30.04.2018;06.05.2018;POS_NT;130;50,78;Netz an Anbieter;40;40;;
30.04.2018;06.05.2018;POS_NT;132;50,78;Netz an Anbieter;40;40;;
30.04.2018;06.05.2018;POS_NT;132;338;Netz an Anbieter;5;5;X;
30.04.2018;06.05.2018;POS_NT;133,2;186;Netz an Anbieter;5;5;X;
30.04.2018;06.05.2018;POS_NT;133,56;5929;Netz an Anbieter;7;7;;
30.04.2018;06.05.2018;POS_NT;133,56;5929;Netz an Anbieter;6;6;;
30.04.2018;06.05.2018;POS_NT;135;50,78;Netz an Anbieter;40;40;;
30.04.2018;06.05.2018;POS_NT;136,8;187;Netz an Anbieter;5;5;X;
30.04.2018;06.05.2018;POS_NT;138;51,75;Netz an Anbieter;40;40;;
30.04.2018;06.05.2018;POS_NT;140;51,75;Netz an Anbieter;40;40;;
30.04.2018;06.05.2018;POS_NT;142;51,75;Netz an Anbieter;40;40;;
30.04.2018;06.05.2018;POS_NT;143;52,7;Netz an Anbieter;5;5;;
30.04.2018;06.05.2018;POS_NT;145;51,75;Netz an Anbieter;40;40;;
30.04.2018;06.05.2018;POS_NT;145;9999;Netz an Anbieter;5;5;;
30.04.2018;06.05.2018;POS_NT;145;3690;Netz an Anbieter;11;11;;
30.04.2018;06.05.2018;POS_NT;145,2;1035;Netz an Anbieter;5;5;X;
30.04.2018;06.05.2018;POS_NT;146;51,49;Netz an Anbieter;5;5;;
30.04.2018;06.05.2018;POS_NT;146;51,48;Netz an Anbieter;8;8;;
30.04.2018;06.05.2018;POS_NT;147;49,4;Netz an Anbieter;5;5;;
30.04.2018;06.05.2018;POS_NT;148;157;Netz an Anbieter;40;40;;
30.04.2018;06.05.2018;POS_NT;148;55,1;Netz an Anbieter;5;5;;
30.04.2018;06.05.2018;POS_NT;149;62,4;Netz an Anbieter;5;5;;
30.04.2018;06.05.2018;POS_NT;149;49;Netz an Anbieter;10;10;;
30.04.2018;06.05.2018;POS_NT;150;53,76;Netz an Anbieter;10;10;;
30.04.2018;06.05.2018;POS_NT;150;157;Netz an Anbieter;40;40;;
30.04.2018;06.05.2018;POS_NT;150;49;Netz an Anbieter;20;20;;
30.04.2018;06.05.2018;POS_NT;150;3200;Netz an Anbieter;20;20;;
30.04.2018;06.05.2018;POS_NT;150,73;52,92;Netz an Anbieter;10;10;;
30.04.2018;06.05.2018;POS_NT;151;51;Netz an Anbieter;20;20;;
30.04.2018;06.05.2018;POS_NT;151,33;49,667;Netz an Anbieter;10;10;;
30.04.2018;06.05.2018;POS_NT;151,44;54,18;Netz an Anbieter;10;10;;
30.04.2018;06.05.2018;POS_NT;151,67;49;Netz an Anbieter;20;20;;
30.04.2018;06.05.2018;POS_NT;152;5998;Netz an Anbieter;5;5;;
30.04.2018;06.05.2018;POS_NT;152,42;55,06;Netz an Anbieter;10;10;;
30.04.2018;06.05.2018;POS_NT;152,67;3233,333;Netz an Anbieter;20;20;;
30.04.2018;06.05.2018;POS_NT;153;51,667;Netz an Anbieter;20;20;;
30.04.2018;06.05.2018;POS_NT;153,33;49;Netz an Anbieter;20;20;;
30.04.2018;06.05.2018;POS_NT;153,67;50,333;Netz an Anbieter;10;10;;
30.04.2018;06.05.2018;POS_NT;154;5999;Netz an Anbieter;7;7;;
30.04.2018;06.05.2018;POS_NT;154;348;Netz an Anbieter;29;29;;
30.04.2018;06.05.2018;POS_NT;154;4398;Netz an Anbieter;5;5;;
30.04.2018;06.05.2018;POS_NT;154,07;55,69;Netz an Anbieter;10;10;;
30.04.2018;06.05.2018;POS_NT;154,51;55,97;Netz an Anbieter;20;20;;
30.04.2018;06.05.2018;POS_NT;155;9999;Netz an Anbieter;9;9;;
30.04.2018;06.05.2018;POS_NT;155;49;Netz an Anbieter;20;20;;
30.04.2018;06.05.2018;POS_NT;155;52,333;Netz an Anbieter;20;20;;
30.04.2018;06.05.2018;POS_NT;155,08;56,61;Netz an Anbieter;20;20;;
30.04.2018;06.05.2018;POS_NT;155,14;9950;Netz an Anbieter;5;5;;
30.04.2018;06.05.2018;POS_NT;155,33;3266,667;Netz an Anbieter;20;20;;
30.04.2018;06.05.2018;POS_NT;155,43;52,56;Netz an Anbieter;46;46;;
30.04.2018;06.05.2018;POS_NT;156;51;Netz an Anbieter;10;10;;
30.04.2018;06.05.2018;POS_NT;156,43;57,4;Netz an Anbieter;20;20;;
30.04.2018;06.05.2018;POS_NT;156,5;9985;Netz an Anbieter;5;5;;
30.04.2018;06.05.2018;POS_NT;157;5999;Netz an Anbieter;12;12;;
30.04.2018;06.05.2018;POS_NT;157;53;Netz an Anbieter;20;20;;
30.04.2018;06.05.2018;POS_NT;157,11;57,78;Netz an Anbieter;20;20;;
30.04.2018;06.05.2018;POS_NT;157,5;9986;Netz an Anbieter;5;5;;
30.04.2018;06.05.2018;POS_NT;157,5;9985;Netz an Anbieter;5;5;;
30.04.2018;06.05.2018;POS_NT;158;3300;Netz an Anbieter;20;20;;
30.04.2018;06.05.2018;POS_NT;158,18;58,47;Netz an Anbieter;30;30;;
30.04.2018;06.05.2018;POS_NT;158,5;9985;Netz an Anbieter;5;5;;
30.04.2018;06.05.2018;POS_NT;159;5999;Netz an Anbieter;11;11;;
30.04.2018;06.05.2018;POS_NT;159;9700;Netz an Anbieter;5;5;;
30.04.2018;06.05.2018;POS_NT;159,08;59,54;Netz an Anbieter;30;30;;
30.04.2018;06.05.2018;POS_NT;160,03;59,88;Netz an Anbieter;30;30;;
30.04.2018;06.05.2018;POS_NT;160,13;125,47;Netz an Anbieter;20;20;;
30.04.2018;06.05.2018;POS_NT;160,64;119,31;Netz an Anbieter;30;30;;
30.04.2018;06.05.2018;POS_NT;161,32;89,21;Netz an Anbieter;30;30;;
30.04.2018;06.05.2018;POS_NT;162,07;262,52;Netz an Anbieter;10;10;;
30.04.2018;06.05.2018;POS_NT;162,34;202,56;Netz an Anbieter;20;20;;
30.04.2018;06.05.2018;POS_NT;162,46;218,35;Netz an Anbieter;10;10;;
30.04.2018;06.05.2018;POS_NT;163;64,6;Netz an Anbieter;5;5;;
30.04.2018;06.05.2018;POS_NT;163,73;194,63;Netz an Anbieter;20;20;;
30.04.2018;06.05.2018;POS_NT;163,99;158,25;Netz an Anbieter;20;20;;
30.04.2018;06.05.2018;POS_NT;164,57;286;Netz an Anbieter;10;10;;
30.04.2018;06.05.2018;POS_NT;165;5994;Netz an Anbieter;6;6;;
30.04.2018;06.05.2018;POS_NT;165,01;309,26;Netz an Anbieter;10;10;;
30.04.2018;06.05.2018;POS_NT;165,31;5013,68;Netz an Anbieter;8;8;;
30.04.2018;06.05.2018;POS_NT;167;157;Netz an Anbieter;40;40;;
30.04.2018;06.05.2018;POS_NT;168;5990;Netz an Anbieter;90;90;;
30.04.2018;06.05.2018;POS_NT;168;3700;Netz an Anbieter;9;9;;
30.04.2018;06.05.2018;POS_NT;168;3700;Netz an Anbieter;14;14;;
30.04.2018;06.05.2018;POS_NT;169;9800;Netz an Anbieter;10;10;;
30.04.2018;06.05.2018;POS_NT;169;6600;Netz an Anbieter;9;9;;
30.04.2018;06.05.2018;POS_NT;170;300;Netz an Anbieter;32;32;;
30.04.2018;06.05.2018;POS_NT;175;300;Netz an Anbieter;32;32;;
30.04.2018;06.05.2018;POS_NT;175;9989;Netz an Anbieter;7;7;;
30.04.2018;06.05.2018;POS_NT;175;128,2;Netz an Anbieter;5;5;;
30.04.2018;06.05.2018;POS_NT;175;6280;Netz an Anbieter;35;35;;
30.04.2018;06.05.2018;POS_NT;175;9988;Netz an Anbieter;5;5;;
30.04.2018;06.05.2018;POS_NT;177,53;9989;Netz an Anbieter;7;7;;
30.04.2018;06.05.2018;POS_NT;179,91;9549;Netz an Anbieter;5;5;;
30.04.2018;06.05.2018;POS_NT;179,91;9549;Netz an Anbieter;5;5;;
30.04.2018;06.05.2018;POS_NT;179,91;9999;Netz an Anbieter;5;5;;
30.04.2018;06.05.2018;POS_NT;180,07;9989;Netz an Anbieter;7;7;;
30.04.2018;06.05.2018;POS_NT;180,7;9988;Netz an Anbieter;6;6;;
30.04.2018;06.05.2018;POS_NT;181;53,8;Netz an Anbieter;7;7;;
30.04.2018;06.05.2018;POS_NT;181;60,3;Netz an Anbieter;7;7;;
30.04.2018;06.05.2018;POS_NT;181;67,9;Netz an Anbieter;7;7;;
30.04.2018;06.05.2018;POS_NT;181;78,4;Netz an Anbieter;6;6;;
30.04.2018;06.05.2018;POS_NT;181;107,7;Netz an Anbieter;5;5;;
30.04.2018;06.05.2018;POS_NT;181;270,8;Netz an Anbieter;6;6;;
30.04.2018;06.05.2018;POS_NT;181;418,8;Netz an Anbieter;6;6;;
30.04.2018;06.05.2018;POS_NT;182,6;9989;Netz an Anbieter;7;7;;
30.04.2018;06.05.2018;POS_NT;183;157;Netz an Anbieter;20;20;;
30.04.2018;06.05.2018;POS_NT;183,75;64,75;Netz an Anbieter;5;5;;
30.04.2018;06.05.2018;POS_NT;184,9;232;Netz an Anbieter;5;5;;
30.04.2018;06.05.2018;POS_NT;185,13;9989;Netz an Anbieter;8;8;;
30.04.2018;06.05.2018;POS_NT;185,43;52,742;Netz an Anbieter;48;48;;
30.04.2018;06.05.2018;POS_NT;186,4;3599;Netz an Anbieter;6;6;;
30.04.2018;06.05.2018;POS_NT;186,4;9988;Netz an Anbieter;6;6;;
30.04.2018;06.05.2018;POS_NT;187;9999;Netz an Anbieter;5;5;;
30.04.2018;06.05.2018;POS_NT;187,67;9989;Netz an Anbieter;8;8;;
30.04.2018;06.05.2018;POS_NT;189,01;52,924;Netz an Anbieter;49;49;;
30.04.2018;06.05.2018;POS_NT;190,2;9989;Netz an Anbieter;7;7;;
30.04.2018;06.05.2018;POS_NT;192,1;9988;Netz an Anbieter;5;5;;
30.04.2018;06.05.2018;POS_NT;192,59;53,106;Netz an Anbieter;49;5;;
